Workbook

Sheet Intake Log
A1: Donation ID | B1: Date | C1: Time | D1: Donor Name | E1: Contact | F1: Category | G1: Subcategory | H1: Quantity | I1: Unit | J1: Condition | K1: Priority | L1: Storage Location | M1: Status | N1: Days in Inventory | O1: Notes | P1: Volunteer Name | R1: INSTRUCTIONS
A2: DON001 | B2: 2024-01-15 | C2: 09:30 | D2: John Smith | E2: 555-0101 | F2: Clothing (Adult Male) | G2: Shirts | H2: 25 | I2: pieces | J2: Good | K2: Medium | L2: A-12 | M2: Received | N2: =IF(L2="Dispatched","",TODAY()-B2) | O2: Winter collection | P2: Sarah Johnson | R2: 1. Enter new donations starting from row 2
A3: DON002 | B3: 2024-01-15 | C3: 10:15 | D3: Mary Johnson | E3: 555-0102 | F3: Food Items | G3: Canned Goods | H3: 50 | I3: cans | J3: New | K3: High | L3: B-05 | M3: In Sorting | N3: =IF(L3="Dispatched","",TODAY()-B3) | O3: Various vegetables | P3: Michael Chen | R3: 2. Use dropdown menus for standardized fields:
A4: DON003 | B4: 2024-01-16 | C4: 11:00 | D4: Robert Davis | E4: 555-0103 | F4: Bedding/Linens | G4: Blankets | H4: 15 | I4: pieces | J4: Good | K4: Medium | L4: C-08 | M4: Ready for Dispatch | N4: =IF(L4="Dispatched","",TODAY()-B4) | O4: Clean and folded | P4: Emily Rodriguez | R4: - Category, Condition, Priority, Status
A5: DON004 | B5: 2024-01-16 | C5: 14:30 | D5: Lisa Anderson | E5: 555-0104 | F5: Toiletries/Hygiene | G5: Soap/Shampoo | H5: 100 | I5: pieces | J5: New | K5: High | L5: D-03 | M5: In Sorting | N5: =IF(L5="Dispatched","",TODAY()-B5) | O5: Sealed packages | P5: David Kim | R5: 3. Status options:
A6: DON005 | B6: 2024-01-17 | C6: 09:00 | D6: James Wilson | E6: 555-0105 | F6: Clothing (Children) | G6: Winter Coats | H6: 20 | I6: pieces | J6: Good | K6: High | L6: A-15 | M6: Ready for Dispatch | N6: =IF(L6="Dispatched","",TODAY()-B6) | O6: Various sizes | P6: Sarah Johnson | R6: - Received: Just arrived
A7: DON006 | B7: 2024-01-17 | C7: 13:45 | D7: Patricia Brown | E7: 555-0106 | F7: Kitchenware | G7: Pots/Pans | H7: 12 | I7: pieces | J7: Fair | K7: Low | L7: E-07 | M7: Received | N7: =IF(L7="Dispatched","",TODAY()-B7) | O7: Some wear visible | P7: Michael Chen | R7: - In Sorting: Being processed
A8: DON007 | B8: 2024-01-18 | C8: 10:30 | D8: Michael Taylor | E8: 555-0107 | F8: Baby Supplies | G8: Diapers | H8: 8 | I8: boxes | J8: New | K8: High | L8: F-02 | M8: In Sorting | N8: =IF(L8="Dispatched","",TODAY()-B8) | O8: Size 3-5 | P8: Emily Rodriguez | R8: - Ready for Dispatch: Available for pickup
A9: DON008 | B9: 2024-01-18 | C9: 15:00 | D9: Jennifer Lee | E9: 555-0108 | F9: Electronics | G9: Laptops | H9: 3 | I9: pieces | J9: Good | K9: Medium | L9: G-01 | M9: Received | N9: =IF(L9="Dispatched","",TODAY()-B9) | O9: Tested working | P9: David Kim | R9: - Dispatched: Already delivered
A10: DON009 | B10: 2024-01-19 | C10: 09:45 | D10: David Martinez | E10: 555-0109 | F10: Shoes/Footwear | G10: Sneakers | H10: 18 | I10: pairs | J10: Good | K10: Medium | L10: H-04 | M10: Ready for Dispatch | N10: =IF(L10="Dispatched","",TODAY()-B10) | O10: Adult sizes | P10: Sarah Johnson | R10: 4. Days in Inventory auto-calculates
A11: DON010 | B11: 2024-01-19 | C11: 11:30 | D11: Susan Clark | E11: 555-0110 | F11: Household Items | G11: Lamps | H11: 6 | I11: pieces | J11: Fair | K11: Low | L11: I-09 | M11: In Sorting | N11: =IF(L11="Dispatched","",TODAY()-B11) | O11: Needs testing | P11: Michael Chen | R11: 5. Highlighted rows:
A12: DON011 | B12: 2024-01-20 | C12: 08:15 | D12: Thomas Wright | E12: 555-0111 | F12: Clothing (Adult Female) | G12: Dresses | H12: 30 | I12: pieces | J12: Good | K12: Medium | L12: A-18 | M12: Received | N12: =IF(L12="Dispatched","",TODAY()-B12) | O12: Formal wear | P12: Emily Rodriguez | R12: - Green = Ready for Dispatch
A13: DON012 | B13: 2024-01-20 | C13: 14:00 | D13: Karen White | E13: 555-0112 | F13: Food Items | G13: Rice/Pasta | H13: 40 | I13: kg | J13: New | K13: High | L13: B-06 | M13: Ready for Dispatch | N13: =IF(L13="Dispatched","",TODAY()-B13) | O13: Sealed bags | P13: David Kim | R13: - Yellow = In Sorting
... A15: DON014 | B15: 2024-01-21 | C15: 16:30 | D15: Amanda Young | E15: 555-0114 | F15: Miscellaneous | G15: Books | H15: 75 | I15: pieces | J15: Good | K15: Low | L15: J-10 | M15: Received | N15: =IF(L15="Dispatched","",TODAY()-B15) | O15: Various genres | P15: Michael Chen | R15: 6. High Priority items have light red tint
A16: DON015 | B16: 2024-01-22 | C16: 09:30 | D16: Daniel Lewis | E16: 555-0115 | F16: Baby Supplies | G16: Formula | H16: 24 | I16: cans | J16: New | K16: High | L16: F-03 | M16: In Sorting | N16: =IF(L16="Dispatched","",TODAY()-B16) | O16: Not expired | P16: Emily Rodriguez

Sheet Current Inventory
A1: Category | B1: Subcategory | C1: Total Quantity | D1: Unit | E1: Status | F1: Days in Inventory | G1: Storage Location | H1: Stock Level | I1: Notes
A2: Clothing (Adult Male) | C2: =SUMIFS('Intake Log'!H:H,'Intake Log'!F:F,"Clothing (Adult Male)",'Intake Log'!M:M,"<>Dispatched") | D2: pieces | E2: Various | F2: =IFERROR(AVERAGEIFS('Intake Log'!N:N,'Intake Log'!F:F,"Clothing (Adult Male)",'Intake Log'!M:M,"<>Dispatched"),0) | G2: A-12, A-18 | H2: =IF(C2=0,"Out of Stock",IF(C2<10,"Low",IF(C2<50,"Medium","Good")))
A3: Clothing (Adult Female) | C3: =SUMIFS('Intake Log'!H:H,'Intake Log'!F:F,"Clothing (Adult Female)",'Intake Log'!M:M,"<>Dispatched") | D3: pieces | E3: Various | F3: =IFERROR(AVERAGEIFS('Intake Log'!N:N,'Intake Log'!F:F,"Clothing (Adult Female)",'Intake Log'!M:M,"<>Dispatched"),0) | G3: A-18 | H3: =IF(C3=0,"Out of Stock",IF(C3<10,"Low",IF(C3<50,"Medium","Good")))
A4: Clothing (Children) | C4: =SUMIFS('Intake Log'!H:H,'Intake Log'!F:F,"Clothing (Children)",'Intake Log'!M:M,"<>Dispatched") | D4: pieces | E4: Various | F4: =IFERROR(AVERAGEIFS('Intake Log'!N:N,'Intake Log'!F:F,"Clothing (Children)",'Intake Log'!M:M,"<>Dispatched"),0) | G4: A-15 | H4: =IF(C4=0,"Out of Stock",IF(C4<10,"Low",IF(C4<50,"Medium","Good")))
A5: Shoes/Footwear | C5: =SUMIFS('Intake Log'!H:H,'Intake Log'!F:F,"Shoes/Footwear",'Intake Log'!M:M,"<>Dispatched") | D5: pairs | E5: Various | F5: =IFERROR(AVERAGEIFS('Intake Log'!N:N,'Intake Log'!F:F,"Shoes/Footwear",'Intake Log'!M:M,"<>Dispatched"),0) | G5: H-04 | H5: =IF(C5=0,"Out of Stock",IF(C5<10,"Low",IF(C5<50,"Medium","Good")))
A6: Household Items | C6: =SUMIFS('Intake Log'!H:H,'Intake Log'!F:F,"Household Items",'Intake Log'!M:M,"<>Dispatched") | D6: pieces | E6: Various | F6: =IFERROR(AVERAGEIFS('Intake Log'!N:N,'Intake Log'!F:F,"Household Items",'Intake Log'!M:M,"<>Dispatched"),0) | G6: I-09 | H6: =IF(C6=0,"Out of Stock",IF(C6<10,"Low",IF(C6<50,"Medium","Good")))
A7: Kitchenware | C7: =SUMIFS('Intake Log'!H:H,'Intake Log'!F:F,"Kitchenware",'Intake Log'!M:M,"<>Dispatched") | D7: pieces | E7: Various | F7: =IFERROR(AVERAGEIFS('Intake Log'!N:N,'Intake Log'!F:F,"Kitchenware",'Intake Log'!M:M,"<>Dispatched"),0) | G7: E-07 | H7: =IF(C7=0,"Out of Stock",IF(C7<10,"Low",IF(C7<50,"Medium","Good")))
A8: Bedding/Linens | C8: =SUMIFS('Intake Log'!H:H,'Intake Log'!F:F,"Bedding/Linens",'Intake Log'!M:M,"<>Dispatched") | D8: pieces | E8: Various | F8: =IFERROR(AVERAGEIFS('Intake Log'!N:N,'Intake Log'!F:F,"Bedding/Linens",'Intake Log'!M:M,"<>Dispatched"),0) | G8: C-08 | H8: =IF(C8=0,"Out of Stock",IF(C8<10,"Low",IF(C8<50,"Medium","Good")))
A9: Toiletries/Hygiene | C9: =SUMIFS('Intake Log'!H:H,'Intake Log'!F:F,"Toiletries/Hygiene",'Intake Log'!M:M,"<>Dispatched") | D9: pieces | E9: Various | F9: =IFERROR(AVERAGEIFS('Intake Log'!N:N,'Intake Log'!F:F,"Toiletries/Hygiene",'Intake Log'!M:M,"<>Dispatched"),0) | G9: D-03, D-04 | H9: =IF(C9=0,"Out of Stock",IF(C9<10,"Low",IF(C9<50,"Medium","Good")))
A10: Food Items | C10: =SUMIFS('Intake Log'!H:H,'Intake Log'!F:F,"Food Items",'Intake Log'!M:M,"<>Dispatched") | D10: cans/kg | E10: Various | F10: =IFERROR(AVERAGEIFS('Intake Log'!N:N,'Intake Log'!F:F,"Food Items",'Intake Log'!M:M,"<>Dispatched"),0) | G10: B-05, B-06 | H10: =IF(C10=0,"Out of Stock",IF(C10<10,"Low",IF(C10<50,"Medium","Good")))
A11: Baby Supplies | C11: =SUMIFS('Intake Log'!H:H,'Intake Log'!F:F,"Baby Supplies",'Intake Log'!M:M,"<>Dispatched") | D11: boxes/cans | E11: Various | F11: =IFERROR(AVERAGEIFS('Intake Log'!N:N,'Intake Log'!F:F,"Baby Supplies",'Intake Log'!M:M,"<>Dispatched"),0) | G11: F-02, F-03 | H11: =IF(C11=0,"Out of Stock",IF(C11<10,"Low",IF(C11<50,"Medium","Good")))
A12: Electronics | C12: =SUMIFS('Intake Log'!H:H,'Intake Log'!F:F,"Electronics",'Intake Log'!M:M,"<>Dispatched") | D12: pieces | E12: Various | F12: =IFERROR(AVERAGEIFS('Intake Log'!N:N,'Intake Log'!F:F,"Electronics",'Intake Log'!M:M,"<>Dispatched"),0) | G12: G-01 | H12: =IF(C12=0,"Out of Stock",IF(C12<10,"Low",IF(C12<50,"Medium","Good")))
A13: Miscellaneous | C13: =SUMIFS('Intake Log'!H:H,'Intake Log'!F:F,"Miscellaneous",'Intake Log'!M:M,"<>Dispatched") | D13: pieces | E13: Various | F13: =IFERROR(AVERAGEIFS('Intake Log'!N:N,'Intake Log'!F:F,"Miscellaneous",'Intake Log'!M:M,"<>Dispatched"),0) | G13: J-10 | H13: =IF(C13=0,"Out of Stock",IF(C13<10,"Low",IF(C13<50,"Medium","Good")))
A15: TOTAL INVENTORY | C15: =SUM(C2:C13)

Sheet Category Lookup
A1: Category Code | B1: Category Name | C1: Color Assignment | D1: Description
A2: CAT01 | B2: Clothing (Adult Male) | C2: Blue | D2: Men's clothing items
A3: CAT02 | B3: Clothing (Adult Female) | C3: Purple | D3: Women's clothing items
A4: CAT03 | B4: Clothing (Children) | C4: Green | D4: Children's clothing items
A5: CAT04 | B5: Shoes/Footwear | C5: Orange | D5: All types of footwear
A6: CAT05 | B6: Household Items | C6: Yellow | D6: General household goods
A7: CAT06 | B7: Kitchenware | C7: Red | D7: Kitchen utensils and appliances
A8: CAT07 | B8: Bedding/Linens | C8: Teal | D8: Bedsheets, blankets, pillows
A9: CAT08 | B9: Toiletries/Hygiene | C9: Pink | D9: Personal care items
A10: CAT09 | B10: Food Items | C10: Brown | D10: Non-perishable food
A11: CAT10 | B11: Baby Supplies | C11: Light Blue | D11: Items for infants and toddlers
A12: CAT11 | B12: Electronics | C12: Gray | D12: Electronic devices and accessories
A13: CAT12 | B13: Miscellaneous | C13: Beige | D13: Other uncategorized items

Sheet Volunteer List
A1: Volunteer ID | B1: Name | C1: Contact | D1: Role | E1: Status | F1: Join Date
A2: VOL001 | B2: Sarah Johnson | C2: sarah.j@email.com | D2: Intake Coordinator | E2: Active | F2: 2023-01-15
A3: VOL002 | B3: Michael Chen | C3: m.chen@email.com | D3: Sorter | E3: Active | F3: 2023-02-20
A4: VOL003 | B4: Emily Rodriguez | C4: emily.r@email.com | D4: Dispatcher | E4: Active | F4: 2023-03-10
A5: VOL004 | B5: David Kim | C5: d.kim@email.com | D5: Intake Coordinator | E5: Active | F5: 2023-04-05
A6: VOL005 | B6: Lisa Thompson | C6: lisa.t@email.com | D6: Sorter | E6: On Leave | F6: 2023-05-12
A7: VOL006 | B7: James Wilson | C7: j.wilson@email.com | D7: Team Lead | E7: Active | F7: 2023-01-08
A8: VOL007 | B8: Maria Garcia | C8: maria.g@email.com | D8: Dispatcher | E8: Active | F8: 2023-06-18
A9: VOL008 | B9: Robert Brown | C9: r.brown@email.com | D9: Sorter | E9: Active | F9: 2023-07-22
A10: VOL009 | B10: Jennifer Lee | C10: j.lee@email.com | D10: Intake Coordinator | E10: Active | F10: 2023-08-01
A11: VOL010 | B11: Thomas Martinez | C11: t.martinez@email.com | D11: Warehouse | E11: Active | F11: 2023-09-15

Sheet Dispatch Record
A1: Dispatch ID | B1: Date | C1: Donation ID | D1: Items Dispatched | E1: Quantity | F1: Recipient Organization | G1: Collection Team Contact | H1: Volunteer Preparer | I1: Dispatch Time | J1: Notes | K1: Running Total | L1: INSTRUCTIONS
A2: DIS001 | B2: 2024-01-18 | C2: DON003 | D2: Blankets | E2: 15 | F2: Hope Shelter | G2: 555-0201 | H2: Emily Rodriguez | I2: 10:00 | J2: Urgent need met | K2: =E2 | L2: 1. Record all dispatches here
A3: DIS002 | B3: 2024-01-19 | C3: DON005 | D3: Winter Coats | E3: 20 | F3: Community Center | G3: 555-0202 | H3: Sarah Johnson | I3: 09:30 | J3: For families | K3: =K2+E3 | L3: 2. Link to Donation ID from Intake Log
A4: DIS003 | B4: 2024-01-20 | C4: DON009 | D4: Sneakers | E4: 18 | F4: Youth Program | G4: 555-0203 | H4: David Kim | I4: 14:00 | J4: Sports equipment | K4: =K3+E4 | L4: 3. Running Total auto-calculates
A5: DIS004 | B5: 2024-01-21 | C5: DON012 | D5: Rice/Pasta | E5: 40 | F5: Food Bank | G5: 555-0204 | H5: Michael Chen | I5: 11:00 | J5: Monthly distribution | K5: =K4+E5 | L5: 4. Update Intake Log status to 'Dispatched'
A6: DIS005 | B6: 2024-01-22 | C6: DON004 | D6: Soap/Shampoo | E6: 100 | F6: Women's Shelter | G6: 555-0205 | H6: Emily Rodriguez | I6: 15:30 | J6: Hygiene kits | K6: =K5+E6 | L6: 5. Include recipient organization details
A7: DIS006 | B7: 2024-01-23 | C7: DON013 | D7: Toothbrushes | E7: 200 | F7: Health Clinic | G7: 555-0206 | H7: Sarah Johnson | I7: 10:00 | J7: Dental health program | K7: =K6+E7 | L7: 6. Note collection team contact info

Sheet Monthly Summary
A1: DONATION TRACKING DASHBOARD
A2: Report Generated: | B2: =TODAY()
A4: KEY METRICS | F4: PRIORITY DISTRIBUTION
A5: Total Donations Received: | B5: =COUNTA('Intake Log'!A:A)-1 | C5: items | F5: Priority | G5: Count
A6: Total Items Dispatched: | B6: =SUM('Dispatch Record'!E:E) | C6: items | F6: High | G6: =COUNTIF('Intake Log'!K:K,"High")
A7: Current Inventory: | B7: =COUNTIFS('Intake Log'!M:M,"<>Dispatched") | C7: items | F7: Medium | G7: =COUNTIF('Intake Log'!K:K,"Medium")
A8: Ready for Dispatch: | B8: =COUNTIF('Intake Log'!M:M,"Ready for Dispatch") | C8: items | F8: Low | G8: =COUNTIF('Intake Log'!K:K,"Low")
A9: In Sorting: | B9: =COUNTIF('Intake Log'!M:M,"In Sorting") | C9: items
A10: Average Processing Time: | B10: =AVERAGE('Intake Log'!N:N) | C10: days
A12: DONATIONS BY CATEGORY
A13: Category | B13: Received | C13: Dispatched | D13: Current Stock
A14: CAT01 | B14: =COUNTIF('Intake Log'!F:F,"CAT01") | C14: =COUNTIFS('Intake Log'!F:F,"CAT01",'Intake Log'!M:M,"Dispatched") | D14: =B14-C14
A15: CAT02 | B15: =COUNTIF('Intake Log'!F:F,"CAT02") | C15: =COUNTIFS('Intake Log'!F:F,"CAT02",'Intake Log'!M:M,"Dispatched") | D15: =B15-C15
A16: CAT03 | B16: =COUNTIF('Intake Log'!F:F,"CAT03") | C16: =COUNTIFS('Intake Log'!F:F,"CAT03",'Intake Log'!M:M,"Dispatched") | D16: =B16-C16
A17: CAT04 | B17: =COUNTIF('Intake Log'!F:F,"CAT04") | C17: =COUNTIFS('Intake Log'!F:F,"CAT04",'Intake Log'!M:M,"Dispatched") | D17: =B17-C17
A18: CAT05 | B18: =COUNTIF('Intake Log'!F:F,"CAT05") | C18: =COUNTIFS('Intake Log'!F:F,"CAT05",'Intake Log'!M:M,"Dispatched") | D18: =B18-C18
A19: CAT06 | B19: =COUNTIF('Intake Log'!F:F,"CAT06") | C19: =COUNTIFS('Intake Log'!F:F,"CAT06",'Intake Log'!M:M,"Dispatched") | D19: =B19-C19
A20: CAT07 | B20: =COUNTIF('Intake Log'!F:F,"CAT07") | C20: =COUNTIFS('Intake Log'!F:F,"CAT07",'Intake Log'!M:M,"Dispatched") | D20: =B20-C20
A21: CAT08 | B21: =COUNTIF('Intake Log'!F:F,"CAT08") | C21: =COUNTIFS('Intake Log'!F:F,"CAT08",'Intake Log'!M:M,"Dispatched") | D21: =B21-C21
A22: CAT09 | B22: =COUNTIF('Intake Log'!F:F,"CAT09") | C22: =COUNTIFS('Intake Log'!F:F,"CAT09",'Intake Log'!M:M,"Dispatched") | D22: =B22-C22
A23: CAT10 | B23: =COUNTIF('Intake Log'!F:F,"CAT10") | C23: =COUNTIFS('Intake Log'!F:F,"CAT10",'Intake Log'!M:M,"Dispatched") | D23: =B23-C23
A24: CAT11 | B24: =COUNTIF('Intake Log'!F:F,"CAT11") | C24: =COUNTIFS('Intake Log'!F:F,"CAT11",'Intake Log'!M:M,"Dispatched") | D24: =B24-C24
A25: CAT12 | B25: =COUNTIF('Intake Log'!F:F,"CAT12") | C25: =COUNTIFS('Intake Log'!F:F,"CAT12",'Intake Log'!M:M,"Dispatched") | D25: =B25-C25
A26: TOTAL | B26: =SUM(B14:B25) | C26: =SUM(C14:C25) | D26: =SUM(D14:D25)
F28: DAILY INTAKE TREND
F29: Date | G29: Donations Received
F30: 2024-01-15 | G30: =COUNTIF('Intake Log'!B:B,F30)
F31: 2024-01-16 | G31: =COUNTIF('Intake Log'!B:B,F31)
F32: 2024-01-17 | G32: =COUNTIF('Intake Log'!B:B,F32)
F33: 2024-01-18 | G33: =COUNTIF('Intake Log'!B:B,F33)
F34: 2024-01-19 | G34: =COUNTIF('Intake Log'!B:B,F34)
F35: 2024-01-20 | G35: =COUNTIF('Intake Log'!B:B,F35)
F36: 2024-01-21 | G36: =COUNTIF('Intake Log'!B:B,F36)
F37: 2024-01-22 | G37: =COUNTIF('Intake Log'!B:B,F37)

Sheet Category Analysis
A1: CATEGORY PERFORMANCE ANALYSIS
A3: Category | B3: Items Received | C3: Items Dispatched | D3: Current Stock | E3: Turnover Rate | F3: Avg Days in Inventory | G3: Stock Status | H3: Performance | I3: Notes
A4: CAT01 | B4: =COUNTIF('Intake Log'!F:F,"CAT01") | C4: =COUNTIFS('Intake Log'!F:F,"CAT01",'Intake Log'!M:M,"Dispatched") | D4: =B4-C4 | E4: =IF(B4=0,0,C4/B4) | F4: =IFERROR(AVERAGEIFS('Intake Log'!N:N,'Intake Log'!F:F,"CAT01"),0) | G4: =IF(D4=0,"Out of Stock",IF(D4<3,"Low",IF(D4<10,"Medium","Good"))) | H4: =IF(E4>0.7,"Excellent",IF(E4>0.4,"Good",IF(E4>0,"Fair","Poor")))
A5: CAT02 | B5: =COUNTIF('Intake Log'!F:F,"CAT02") | C5: =COUNTIFS('Intake Log'!F:F,"CAT02",'Intake Log'!M:M,"Dispatched") | D5: =B5-C5 | E5: =IF(B5=0,0,C5/B5) | F5: =IFERROR(AVERAGEIFS('Intake Log'!N:N,'Intake Log'!F:F,"CAT02"),0) | G5: =IF(D5=0,"Out of Stock",IF(D5<3,"Low",IF(D5<10,"Medium","Good"))) | H5: =IF(E5>0.7,"Excellent",IF(E5>0.4,"Good",IF(E5>0,"Fair","Poor")))
A6: CAT03 | B6: =COUNTIF('Intake Log'!F:F,"CAT03") | C6: =COUNTIFS('Intake Log'!F:F,"CAT03",'Intake Log'!M:M,"Dispatched") | D6: =B6-C6 | E6: =IF(B6=0,0,C6/B6) | F6: =IFERROR(AVERAGEIFS('Intake Log'!N:N,'Intake Log'!F:F,"CAT03"),0) | G6: =IF(D6=0,"Out of Stock",IF(D6<3,"Low",IF(D6<10,"Medium","Good"))) | H6: =IF(E6>0.7,"Excellent",IF(E6>0.4,"Good",IF(E6>0,"Fair","Poor")))
A7: CAT04 | B7: =COUNTIF('Intake Log'!F:F,"CAT04") | C7: =COUNTIFS('Intake Log'!F:F,"CAT04",'Intake Log'!M:M,"Dispatched") | D7: =B7-C7 | E7: =IF(B7=0,0,C7/B7) | F7: =IFERROR(AVERAGEIFS('Intake Log'!N:N,'Intake Log'!F:F,"CAT04"),0) | G7: =IF(D7=0,"Out of Stock",IF(D7<3,"Low",IF(D7<10,"Medium","Good"))) | H7: =IF(E7>0.7,"Excellent",IF(E7>0.4,"Good",IF(E7>0,"Fair","Poor")))
A8: CAT05 | B8: =COUNTIF('Intake Log'!F:F,"CAT05") | C8: =COUNTIFS('Intake Log'!F:F,"CAT05",'Intake Log'!M:M,"Dispatched") | D8: =B8-C8 | E8: =IF(B8=0,0,C8/B8) | F8: =IFERROR(AVERAGEIFS('Intake Log'!N:N,'Intake Log'!F:F,"CAT05"),0) | G8: =IF(D8=0,"Out of Stock",IF(D8<3,"Low",IF(D8<10,"Medium","Good"))) | H8: =IF(E8>0.7,"Excellent",IF(E8>0.4,"Good",IF(E8>0,"Fair","Poor")))
A9: CAT06 | B9: =COUNTIF('Intake Log'!F:F,"CAT06") | C9: =COUNTIFS('Intake Log'!F:F,"CAT06",'Intake Log'!M:M,"Dispatched") | D9: =B9-C9 | E9: =IF(B9=0,0,C9/B9) | F9: =IFERROR(AVERAGEIFS('Intake Log'!N:N,'Intake Log'!F:F,"CAT06"),0) | G9: =IF(D9=0,"Out of Stock",IF(D9<3,"Low",IF(D9<10,"Medium","Good"))) | H9: =IF(E9>0.7,"Excellent",IF(E9>0.4,"Good",IF(E9>0,"Fair","Poor")))
A10: CAT07 | B10: =COUNTIF('Intake Log'!F:F,"CAT07") | C10: =COUNTIFS('Intake Log'!F:F,"CAT07",'Intake Log'!M:M,"Dispatched") | D10: =B10-C10 | E10: =IF(B10=0,0,C10/B10) | F10: =IFERROR(AVERAGEIFS('Intake Log'!N:N,'Intake Log'!F:F,"CAT07"),0) | G10: =IF(D10=0,"Out of Stock",IF(D10<3,"Low",IF(D10<10,"Medium","Good"))) | H10: =IF(E10>0.7,"Excellent",IF(E10>0.4,"Good",IF(E10>0,"Fair","Poor")))
A11: CAT08 | B11: =COUNTIF('Intake Log'!F:F,"CAT08") | C11: =COUNTIFS('Intake Log'!F:F,"CAT08",'Intake Log'!M:M,"Dispatched") | D11: =B11-C11 | E11: =IF(B11=0,0,C11/B11) | F11: =IFERROR(AVERAGEIFS('Intake Log'!N:N,'Intake Log'!F:F,"CAT08"),0) | G11: =IF(D11=0,"Out of Stock",IF(D11<3,"Low",IF(D11<10,"Medium","Good"))) | H11: =IF(E11>0.7,"Excellent",IF(E11>0.4,"Good",IF(E11>0,"Fair","Poor")))
A12: CAT09 | B12: =COUNTIF('Intake Log'!F:F,"CAT09") | C12: =COUNTIFS('Intake Log'!F:F,"CAT09",'Intake Log'!M:M,"Dispatched") | D12: =B12-C12 | E12: =IF(B12=0,0,C12/B12) | F12: =IFERROR(AVERAGEIFS('Intake Log'!N:N,'Intake Log'!F:F,"CAT09"),0) | G12: =IF(D12=0,"Out of Stock",IF(D12<3,"Low",IF(D12<10,"Medium","Good"))) | H12: =IF(E12>0.7,"Excellent",IF(E12>0.4,"Good",IF(E12>0,"Fair","Poor")))
A13: CAT10 | B13: =COUNTIF('Intake Log'!F:F,"CAT10") | C13: =COUNTIFS('Intake Log'!F:F,"CAT10",'Intake Log'!M:M,"Dispatched") | D13: =B13-C13 | E13: =IF(B13=0,0,C13/B13) | F13: =IFERROR(AVERAGEIFS('Intake Log'!N:N,'Intake Log'!F:F,"CAT10"),0) | G13: =IF(D13=0,"Out of Stock",IF(D13<3,"Low",IF(D13<10,"Medium","Good"))) | H13: =IF(E13>0.7,"Excellent",IF(E13>0.4,"Good",IF(E13>0,"Fair","Poor")))
A14: CAT11 | B14: =COUNTIF('Intake Log'!F:F,"CAT11") | C14: =COUNTIFS('Intake Log'!F:F,"CAT11",'Intake Log'!M:M,"Dispatched") | D14: =B14-C14 | E14: =IF(B14=0,0,C14/B14) | F14: =IFERROR(AVERAGEIFS('Intake Log'!N:N,'Intake Log'!F:F,"CAT11"),0) | G14: =IF(D14=0,"Out of Stock",IF(D14<3,"Low",IF(D14<10,"Medium","Good"))) | H14: =IF(E14>0.7,"Excellent",IF(E14>0.4,"Good",IF(E14>0,"Fair","Poor")))
A15: CAT12 | B15: =COUNTIF('Intake Log'!F:F,"CAT12") | C15: =COUNTIFS('Intake Log'!F:F,"CAT12",'Intake Log'!M:M,"Dispatched") | D15: =B15-C15 | E15: =IF(B15=0,0,C15/B15) | F15: =IFERROR(AVERAGEIFS('Intake Log'!N:N,'Intake Log'!F:F,"CAT12"),0) | G15: =IF(D15=0,"Out of Stock",IF(D15<3,"Low",IF(D15<10,"Medium","Good"))) | H15: =IF(E15>0.7,"Excellent",IF(E15>0.4,"Good",IF(E15>0,"Fair","Poor")))
A16: TOTAL / AVERAGE | B16: =SUM(B4:B15) | C16: =SUM(C4:C15) | D16: =SUM(D4:D15) | E16: =IF(B16=0,0,C16/B16) | F16: =AVERAGE(F4:F15)
A18: LEGEND:
A19: Turnover Rate: >70% = Excellent, 40-70% = Good, <40% = Fair, 0% = Poor
A20: Stock Status: >10 items = Good, 3-10 = Medium, <3 = Low, 0 = Out of Stock
